Trade #,Buy Amount (INR),Sell Gross (INR),Fee (INR),Sell After Fee (INR),Net Profit (INR),Total Capital (INR),Growth (%)
1,4500.0,4590.0,64.21,4525.79,25.79,25.79,0.57
2,4545.0,4635.9,64.21,4571.69,26.69,52.48,1.17
3,4590.45,4682.26,64.21,4618.05,27.6,80.08,1.78
4,4636.35,4729.08,64.22,4664.87,28.51,108.59,2.41
5,4682.72,4776.37,64.22,4712.15,29.44,138.02,3.07
6,4729.55,4824.14,64.22,4759.92,30.37,168.4,3.74
7,4776.84,4872.38,64.22,4808.16,31.31,199.71,4.44
8,4824.61,4921.1,64.22,4856.88,32.27,231.98,5.16
9,4872.86,4970.31,64.23,4906.09,33.23,265.21,5.89
10,4921.58,5020.02,64.23,4955.79,34.2,299.41,6.65
11,4970.8,5070.22,64.23,5005.98,35.19,334.6,7.44
12,5020.51,5120.92,64.23,5056.68,36.18,370.77,8.24
13,5070.71,5172.13,64.24,5107.89,37.18,407.95,9.07
14,5121.42,5223.85,64.24,5159.61,38.19,446.14,9.91
15,5172.63,5276.09,64.24,5211.85,39.21,485.36,10.79
16,5224.36,5328.85,64.24,5264.6,40.24,525.6,11.68
17,5276.6,5382.14,64.25,5317.89,41.29,566.89,12.6
18,5329.37,5435.96,64.25,5371.71,42.34,609.23,13.54
19,5382.66,5490.32,64.25,5426.07,43.4,652.63,14.5
20,5436.49,5545.22,64.25,5480.97,44.48,697.11,15.49
21,5490.86,5600.67,64.26,5536.42,45.56,742.67,16.5
22,5545.76,5656.68,64.26,5592.42,46.66,789.33,17.54
23,5601.22,5713.25,64.26,5648.99,47.76,837.09,18.6
24,5657.23,5770.38,64.26,5706.12,48.88,885.97,19.69
25,5713.81,5828.08,64.27,5763.82,50.01,935.98,20.8
26,5770.94,5886.36,64.27,5822.09,51.15,987.13,21.94
27,5828.65,5945.23,64.27,5880.96,52.3,1039.44,23.1
28,5886.94,6004.68,64.27,5940.41,53.47,1092.9,24.29
29,5945.81,6064.73,64.28,6000.45,54.64,1147.54,25.5
30,6005.27,6125.37,64.28,6061.09,55.83,1203.37,26.74
31,6065.32,6186.63,64.28,6122.34,57.02,1260.39,28.01
32,6125.97,6248.49,64.28,6184.21,58.23,1318.63,29.3
33,6187.23,6310.98,64.29,6246.69,59.46,1378.08,30.62
34,6249.11,6374.09,64.29,6309.8,60.69,1438.78,31.97
35,6311.6,6437.83,64.29,6373.54,61.94,1500.71,33.35
36,6374.71,6502.21,64.3,6437.91,63.2,1563.91,34.75
37,6438.46,6567.23,64.3,6502.93,64.47,1628.38,36.19
38,6502.84,6632.9,64.3,6568.6,65.75,1694.14,37.65
39,6567.87,6699.23,64.31,6634.92,67.05,1761.19,39.14
40,6633.55,6766.22,64.31,6701.91,68.36,1829.55,40.66
41,6699.89,6833.88,64.31,6769.57,69.69,1899.24,42.21
42,6766.89,6902.22,64.31,6837.91,71.02,1970.26,43.78
43,6834.55,6971.25,64.32,6906.93,72.37,2042.64,45.39
44,6902.9,7040.96,64.32,6976.64,73.74,2116.37,47.03
45,6971.93,7111.37,64.32,7047.04,75.11,2191.49,48.7
46,7041.65,7182.48,64.33,7118.15,76.51,2267.99,50.4
47,7112.06,7254.31,64.33,7189.98,77.91,2345.9,52.13
48,7183.19,7326.85,64.33,7262.52,79.33,2425.23,53.89
49,7255.02,7400.12,64.34,7335.78,80.76,2506.0,55.69
50,7327.57,7474.12,64.34,7409.78,82.21,2588.21,57.52
51,7400.84,7548.86,64.34,7484.52,83.67,2671.88,59.38
52,7474.85,7624.35,64.35,7560.0,85.15,2757.03,61.27
53,7549.6,7700.59,64.35,7636.24,86.64,2843.67,63.19
54,7625.1,7777.6,64.35,7713.24,88.15,2931.82,65.15
55,7701.35,7855.37,64.36,7791.02,89.67,3021.49,67.14
56,7778.36,7933.93,64.36,7869.57,91.21,3112.7,69.17
57,7856.14,8013.27,64.36,7948.9,92.76,3205.45,71.23
58,7934.71,8093.4,64.37,8029.03,94.33,3299.78,73.33
59,8014.05,8174.33,64.37,8109.96,95.91,3395.69,75.46
60,8094.19,8256.08,64.38,8191.7,97.51,3493.2,77.63
61,8175.14,8338.64,64.38,8274.26,99.12,3592.32,79.83
62,8256.89,8422.02,64.38,8357.64,100.75,3693.07,82.07
63,8339.46,8506.24,64.39,8441.86,102.4,3795.47,84.34
64,8422.85,8591.31,64.39,8526.92,104.07,3899.54,86.66
65,8507.08,8677.22,64.4,8612.82,105.75,4005.29,89.01
66,8592.15,8763.99,64.4,8699.59,107.44,4112.73,91.39
67,8678.07,8851.63,64.4,8787.23,109.16,4221.89,93.82
68,8764.85,8940.15,64.41,8875.74,110.89,4332.78,96.28
69,8852.5,9029.55,64.41,8965.14,112.64,4445.42,98.79
70,8941.02,9119.85,64.42,9055.43,114.41,4559.82,101.33
71,9030.44,9211.04,64.42,9146.62,116.19,4676.01,103.91
72,9120.74,9303.15,64.42,9238.73,117.99,4794.0,106.53
73,9211.95,9396.19,64.43,9331.76,119.81,4913.81,109.2
74,9304.07,9490.15,64.43,9425.72,121.65,5035.46,111.9
75,9397.11,9585.05,64.44,9520.61,123.51,5158.97,114.64
76,9491.08,9680.9,64.44,9616.46,125.38,5284.35,117.43
77,9585.99,9777.71,64.45,9713.26,127.27,5411.62,120.26
78,9681.85,9875.49,64.45,9811.04,129.19,5540.81,123.13
79,9778.67,9974.24,64.45,9909.79,131.12,5671.93,126.04
80,9876.45,10073.98,64.46,10009.52,133.07,5805.0,129.0
81,9975.22,10174.72,64.46,10110.26,135.04,5940.04,132.0
82,10074.97,10276.47,64.47,10212.0,137.03,6077.07,135.05
83,10175.72,10379.23,64.47,10314.76,139.04,6216.11,138.14
84,10277.48,10483.03,64.48,10418.55,141.07,6357.19,141.27
85,10380.25,10587.86,64.48,10523.38,143.12,6500.31,144.45
86,10484.05,10693.74,64.49,10629.25,145.19,6645.5,147.68
87,10588.9,10800.67,64.49,10736.18,147.29,6792.79,150.95
88,10694.78,10908.68,64.5,10844.18,149.4,6942.19,154.27
89,10801.73,11017.77,64.5,10953.27,151.53,7093.72,157.64
90,10909.75,11127.94,64.51,11063.44,153.69,7247.41,161.05
91,11018.85,11239.22,64.51,11174.71,155.87,7403.27,164.52
92,11129.04,11351.62,64.52,11287.1,158.06,7561.34,168.03
93,11240.33,11465.13,64.52,11400.61,160.28,7721.62,171.59
94,11352.73,11579.78,64.53,11515.26,162.53,7884.15,175.2
95,11466.26,11695.58,64.53,11631.05,164.79,8048.94,178.87
96,11580.92,11812.54,64.54,11748.0,167.08,8216.02,182.58
97,11696.73,11930.66,64.54,11866.12,169.39,8385.41,186.34
98,11813.7,12049.97,64.55,11985.42,171.73,8557.14,190.16
99,11931.83,12170.47,64.55,12105.91,174.08,8731.22,194.03
100,12051.15,12292.17,64.56,12227.61,176.46,8907.68,197.95
101,12171.66,12415.1,64.57,12350.53,178.87,9086.55,201.92
102,12293.38,12539.25,64.57,12474.68,181.3,9267.85,205.95
103,12416.31,12664.64,64.58,12600.06,183.75,9451.6,210.04
104,12540.48,12791.29,64.58,12726.7,186.23,9637.82,214.17
105,12665.88,12919.2,64.59,12854.61,188.73,9826.55,218.37
106,12792.54,13048.39,64.59,12983.8,191.26,10017.81,222.62
107,12920.46,13178.87,64.6,13114.27,193.81,10211.62,226.92
108,13049.67,13310.66,64.61,13246.06,196.39,10408.0,231.29
109,13180.17,13443.77,64.61,13379.16,198.99,10607.0,235.71
110,13311.97,13578.21,64.62,13513.59,201.62,10808.62,240.19
111,13445.09,13713.99,64.62,13649.36,204.28,11012.89,244.73
112,13579.54,13851.13,64.63,13786.5,206.96,11219.85,249.33
113,13715.33,13989.64,64.64,13925.0,209.67,11429.52,253.99
114,13852.49,14129.54,64.64,14064.89,212.41,11641.93,258.71
115,13991.01,14270.83,64.65,14206.18,215.17,11857.1,263.49
116,14130.92,14413.54,64.66,14348.88,217.96,12075.06,268.33
117,14272.23,14557.68,64.66,14493.01,220.78,12295.84,273.24
118,14414.95,14703.25,64.67,14638.58,223.63,12519.47,278.21
119,14559.1,14850.29,64.68,14785.61,226.51,12745.98,283.24
120,14704.69,14998.79,64.68,14934.1,229.41,12975.39,288.34
121,14851.74,15148.78,64.69,15084.09,232.34,13207.73,293.51
122,15000.26,15300.26,64.7,15235.57,235.31,13443.04,298.73
123,15150.26,15453.27,64.7,15388.56,238.3,13681.34,304.03
124,15301.76,15607.8,64.71,15543.09,241.32,13922.67,309.39
125,15454.78,15763.88,64.72,15699.16,244.38,14167.04,314.82
126,15609.33,15921.52,64.73,15856.79,247.46,14414.51,320.32
127,15765.42,16080.73,64.73,16016.0,250.58,14665.08,325.89
128,15923.08,16241.54,64.74,16176.8,253.72,14918.8,331.53
129,16082.31,16403.95,64.75,16339.21,256.9,15175.7,337.24
130,16243.13,16567.99,64.75,16503.24,260.11,15435.81,343.02
131,16405.56,16733.67,64.76,16668.91,263.35,15699.16,348.87
132,16569.62,16901.01,64.77,16836.24,266.62,15965.78,354.8
133,16735.31,17070.02,64.78,17005.24,269.93,16235.71,360.79
134,16902.67,17240.72,64.79,17175.93,273.27,16508.98,366.87
135,17071.69,17413.13,64.79,17348.33,276.64,16785.62,373.01
136,17242.41,17587.26,64.8,17522.46,280.05,17065.67,379.24
137,17414.83,17763.13,64.81,17698.32,283.49,17349.15,385.54
138,17588.98,17940.76,64.82,17875.95,286.96,17636.12,391.91
139,17764.87,18120.17,64.83,18055.34,290.47,17926.59,398.37
140,17942.52,18301.37,64.83,18236.54,294.02,18220.61,404.9
141,18121.95,18484.39,64.84,18419.54,297.6,18518.2,411.52
142,18303.17,18669.23,64.85,18604.38,301.21,18819.42,418.21
143,18486.2,18855.92,64.86,18791.06,304.87,19124.28,424.98
144,18671.06,19044.48,64.87,18979.61,308.55,19432.83,431.84
145,18857.77,19234.93,64.88,19170.05,312.28,19745.11,438.78
146,19046.35,19427.27,64.88,19362.39,316.04,20061.16,445.8
147,19236.81,19621.55,64.89,19556.65,319.84,20381.0,452.91
148,19429.18,19817.76,64.9,19752.86,323.68,20704.68,460.1
149,19623.47,20015.94,64.91,19951.03,327.56,21032.24,467.38
150,19819.71,20216.1,64.92,20151.18,331.47,21363.71,474.75
151,20017.9,20418.26,64.93,20353.33,335.43,21699.14,482.2
152,20218.08,20622.44,64.94,20557.5,339.42,22038.56,489.75
153,20420.26,20828.67,64.95,20763.72,343.46,22382.02,497.38
154,20624.47,21036.95,64.96,20972.0,347.53,22729.55,505.1
155,20830.71,21247.32,64.97,21182.36,351.65,23081.19,512.92
156,21039.02,21459.8,64.98,21394.82,355.8,23437.0,520.82
157,21249.41,21674.4,64.99,21609.41,360.0,23797.0,528.82
158,21461.9,21891.14,65.0,21826.14,364.24,24161.24,536.92
159,21676.52,22110.05,65.01,22045.04,368.52,24529.76,545.11
160,21893.29,22331.15,65.02,22266.13,372.85,24902.61,553.39
161,22112.22,22554.46,65.03,22489.44,377.22,25279.83,561.77
162,22333.34,22780.01,65.04,22714.97,381.63,25661.46,570.25
163,22556.67,23007.81,65.05,22942.76,386.09,26047.54,578.83
164,22782.24,23237.89,65.06,23172.83,390.59,26438.13,587.51
165,23010.06,23470.26,65.07,23405.2,395.13,26833.26,596.29
166,23240.16,23704.97,65.08,23639.89,399.72,27232.98,605.18
167,23472.57,23942.02,65.09,23876.93,404.36,27637.35,614.16
168,23707.29,24181.44,65.1,24116.34,409.04,28046.39,623.25
169,23944.36,24423.25,65.11,24358.14,413.77,28460.16,632.45
170,24183.81,24667.48,65.12,24602.36,418.55,28878.72,641.75
171,24425.65,24914.16,65.13,24849.02,423.38,29302.1,651.16
172,24669.9,25163.3,65.15,25098.15,428.25,29730.35,660.67
173,24916.6,25414.93,65.16,25349.78,433.17,30163.52,670.3
174,25165.77,25669.08,65.17,25603.91,438.15,30601.67,680.04
175,25417.43,25925.77,65.18,25860.59,443.17,31044.84,689.89
176,25671.6,26185.03,65.19,26119.84,448.24,31493.07,699.85
177,25928.32,26446.88,65.2,26381.68,453.36,31946.44,709.92
178,26187.6,26711.35,65.22,26646.13,458.54,32404.97,720.11
179,26449.47,26978.46,65.23,26913.24,463.76,32868.73,730.42
180,26713.97,27248.25,65.24,27183.01,469.04,33337.77,740.84
181,26981.11,27520.73,65.25,27455.48,474.37,33812.14,751.38
182,27250.92,27795.94,65.27,27730.67,479.75,34291.89,762.04
183,27523.43,28073.9,65.28,28008.62,485.19,34777.08,772.82
184,27798.66,28354.64,65.29,28289.35,490.68,35267.76,783.73
185,28076.65,28638.18,65.3,28572.88,496.23,35763.99,794.76
186,28357.42,28924.56,65.32,28859.25,501.83,36265.82,805.91
187,28640.99,29213.81,65.33,29148.48,507.49,36773.31,817.18
188,28927.4,29505.95,65.34,29440.6,513.2,37286.52,828.59
189,29216.67,29801.01,65.36,29735.65,518.98,37805.49,840.12
190,29508.84,30099.02,65.37,30033.65,524.81,38330.3,851.78
191,29803.93,30400.01,65.38,30334.62,530.69,38860.99,863.58
192,30101.97,30704.01,65.4,30638.61,536.64,39397.63,875.5
193,30402.99,31011.05,65.41,30945.64,542.65,39940.28,887.56
194,30707.02,31321.16,65.43,31255.73,548.71,40488.99,899.76
195,31014.09,31634.37,65.44,31568.93,554.84,41043.83,912.09
196,31324.23,31950.71,65.46,31885.26,561.03,41604.86,924.55
197,31637.47,32270.22,65.47,32204.75,567.28,42172.14,937.16
198,31953.85,32592.92,65.48,32527.44,573.59,42745.74,949.91
199,32273.39,32918.85,65.5,32853.35,579.97,43325.7,962.79
200,32596.12,33248.04,65.51,33182.53,586.41,43912.11,975.82
201,32922.08,33580.52,65.53,33514.99,592.91,44505.02,989.0
202,33251.3,33916.33,65.54,33850.78,599.48,45104.5,1002.32
203,33583.81,34255.49,65.56,34189.93,606.12,45710.62,1015.79
204,33919.65,34598.05,65.58,34532.47,612.82,46323.44,1029.41
205,34258.85,34944.03,65.59,34878.43,619.59,46943.02,1043.18
206,34601.44,35293.47,65.61,35227.86,626.42,47569.44,1057.1
207,34947.45,35646.4,65.62,35580.78,633.33,48202.77,1071.17
208,35296.93,36002.86,65.64,35937.22,640.3,48843.07,1085.4
209,35649.9,36362.89,65.66,36297.24,647.34,49490.41,1099.79
210,36006.39,36726.52,65.67,36660.85,654.46,50144.87,1114.33
211,36366.46,37093.79,65.69,37028.1,661.64,50806.5,1129.03
212,36730.12,37464.73,65.71,37399.02,668.9,51475.4,1143.9
213,37097.42,37839.37,65.72,37773.65,676.22,52151.63,1158.93
214,37468.4,38217.77,65.74,38152.03,683.63,52835.25,1174.12
215,37843.08,38599.94,65.76,38534.19,691.1,53526.36,1189.47
216,38221.51,38985.94,65.78,38920.17,698.65,54225.01,1205.0
217,38603.73,39375.8,65.79,39310.01,706.28,54931.29,1220.7
218,38989.77,39769.56,65.81,39703.75,713.98,55645.28,1236.56
219,39379.66,40167.26,65.83,40101.43,721.76,56367.04,1252.6
220,39773.46,40568.93,65.85,40503.08,729.62,57096.66,1268.81
221,40171.19,40974.62,65.87,40908.75,737.56,57834.22,1285.2
222,40572.91,41384.36,65.89,41318.48,745.57,58579.79,1301.77
223,40978.64,41798.21,65.9,41732.3,753.67,59333.46,1318.52
224,41388.42,42216.19,65.92,42150.27,761.85,60095.31,1335.45
225,41802.31,42638.35,65.94,42572.41,770.1,60865.41,1352.56
226,42220.33,43064.74,65.96,42998.77,778.45,61643.85,1369.86
227,42642.53,43495.38,65.98,43429.4,786.87,62430.72,1387.35
228,43068.96,43930.34,66.0,43864.34,795.38,63226.1,1405.02
229,43499.65,44369.64,66.02,44303.62,803.97,64030.07,1422.89
230,43934.64,44813.34,66.04,44747.3,812.65,64842.73,1440.95
231,44373.99,45261.47,66.06,45195.41,821.42,65664.14,1459.2
232,44817.73,45714.08,66.08,45648.0,830.27,66494.42,1477.65
233,45265.91,46171.23,66.1,46105.12,839.22,67333.63,1496.3
234,45718.57,46632.94,66.12,46566.81,848.25,68181.88,1515.15
235,46175.75,47099.27,66.15,47033.12,857.37,69039.25,1534.21
236,46637.51,47570.26,66.17,47504.09,866.58,69905.83,1553.46
237,47103.88,48045.96,66.19,47979.77,875.89,70781.72,1572.93
238,47574.92,48526.42,66.21,48460.21,885.29,71667.01,1592.6
239,48050.67,49011.69,66.23,48945.45,894.78,72561.79,1612.48
240,48531.18,49501.8,66.25,49435.55,904.37,73466.16,1632.58
241,49016.49,49996.82,66.28,49930.54,914.05,74380.21,1652.89
242,49506.66,50496.79,66.3,50430.49,923.83,75304.04,1673.42
243,50001.72,51001.76,66.32,50935.43,933.71,76237.76,1694.17
244,50501.74,51511.77,66.35,51445.43,943.69,77181.44,1715.14
245,51006.76,52026.89,66.37,51960.52,953.77,78135.21,1736.34
246,51516.83,52547.16,66.39,52480.77,963.94,79099.15,1757.76
247,52031.99,53072.63,66.42,53006.22,974.22,80073.38,1779.41
248,52552.31,53603.36,66.44,53536.92,984.6,81057.98,1801.29
249,53077.84,54139.39,66.47,54072.93,995.09,82053.07,1823.4
250,53608.61,54680.79,66.49,54614.3,1005.68,83058.75,1845.75
251,54144.7,55227.59,66.52,55161.08,1016.38,84075.13,1868.34
252,54686.15,55779.87,66.54,55713.33,1027.18,85102.31,1891.16
253,55233.01,56337.67,66.57,56271.1,1038.09,86140.41,1914.23
254,55785.34,56901.05,66.59,56834.45,1049.12,87189.52,1937.54
255,56343.19,57470.06,66.62,57403.44,1060.25,88249.77,1961.11
256,56906.62,58044.76,66.64,57978.11,1071.49,89321.26,1984.92
257,57475.69,58625.2,66.67,58558.53,1082.84,90404.1,2008.98
258,58050.45,59211.46,66.7,59144.76,1094.31,91498.41,2033.3
259,58630.95,59803.57,66.72,59736.85,1105.9,92604.31,2057.87
260,59217.26,60401.61,66.75,60334.86,1117.59,93721.9,2082.71
261,59809.43,61005.62,66.78,60938.84,1129.41,94851.31,2107.81
262,60407.53,61615.68,66.81,61548.87,1141.34,95992.66,2133.17
263,61011.6,62231.84,66.83,62165.0,1153.4,97146.05,2158.8
264,61621.72,62854.15,66.86,62787.29,1165.57,98311.62,2184.7
265,62237.94,63482.7,66.89,63415.8,1177.87,99489.49,2210.88
266,62860.32,64117.52,66.92,64050.6,1190.29,100679.78,2237.33
267,63488.92,64758.7,66.95,64691.75,1202.83,101882.61,2264.06
268,64123.81,65406.29,66.98,65339.31,1215.5,103098.1,2291.07
269,64765.05,66060.35,67.01,65993.34,1228.29,104326.4,2318.36
270,65412.7,66720.95,67.04,66653.91,1241.21,105567.61,2345.95
271,66066.82,67388.16,67.07,67321.09,1254.27,106821.88,2373.82
272,66727.49,68062.04,67.1,67994.94,1267.45,108089.33,2401.99
273,67394.77,68742.66,67.13,68675.53,1280.76,109370.09,2430.45
274,68068.72,69430.09,67.16,69362.93,1294.21,110664.3,2459.21
275,68749.4,70124.39,67.19,70057.2,1307.79,111972.1,2488.27
276,69436.9,70825.63,67.23,70758.41,1321.51,113293.61,2517.64
277,70131.27,71533.89,67.26,71466.63,1335.37,114628.98,2547.31
278,70832.58,72249.23,67.29,72181.94,1349.36,115978.34,2577.3
279,71540.9,72971.72,67.32,72904.4,1363.49,117341.83,2607.6
280,72256.31,73701.44,67.36,73634.08,1377.77,118719.6,2638.21
281,72978.88,74438.45,67.39,74371.06,1392.19,120111.79,2669.15
282,73708.67,75182.84,67.42,75115.41,1406.75,121518.54,2700.41
283,74445.75,75934.67,67.46,75867.21,1421.46,122939.99,2732.0
284,75190.21,76694.01,67.49,76626.52,1436.31,124376.3,2763.92
285,75942.11,77460.95,67.53,77393.43,1451.31,125827.62,2796.17
286,76701.53,78235.56,67.56,78168.0,1466.47,127294.08,2828.76
287,77468.55,79017.92,67.6,78950.32,1481.77,128775.86,2861.69
288,78243.23,79808.1,67.64,79740.46,1497.23,130273.09,2894.96
289,79025.67,80606.18,67.67,80538.51,1512.84,131785.93,2928.58
290,79815.92,81412.24,67.71,81344.53,1528.61,133314.54,2962.55
291,80614.08,82226.36,67.75,82158.62,1544.54,134859.07,2996.87
292,81420.22,83048.63,67.78,82980.84,1560.62,136419.7,3031.55
293,82234.42,83879.11,67.82,83811.29,1576.87,137996.56,3066.59
294,83056.77,84717.9,67.86,84650.05,1593.28,139589.84,3102.0
295,83887.34,85565.08,67.9,85497.19,1609.85,141199.69,3137.77
296,84726.21,86420.73,67.94,86352.8,1626.59,142826.28,3173.92
297,85573.47,87284.94,67.98,87216.97,1643.49,144469.77,3210.44
298,86429.21,88157.79,68.02,88089.78,1660.57,146130.34,3247.34
299,87293.5,89039.37,68.06,88971.31,1677.81,147808.15,3284.63
300,88166.43,89929.76,68.1,89861.67,1695.23,149503.39,3322.3
301,89048.1,90829.06,68.14,90760.92,1712.82,151216.21,3360.36
302,89938.58,91737.35,68.18,91669.17,1730.59,152946.8,3398.82
303,90837.96,92654.72,68.22,92586.5,1748.54,154695.34,3437.67
304,91746.34,93581.27,68.26,93513.01,1766.66,156462.01,3476.93
305,92663.81,94517.08,68.31,94448.78,1784.97,158246.98,3516.6
306,93590.45,95462.26,68.35,95393.91,1803.46,160050.44,3556.68
307,94526.35,96416.88,68.39,96348.49,1822.14,161872.57,3597.17
308,95471.61,97381.05,68.44,97312.61,1841.0,163713.57,3638.08
309,96426.33,98354.86,68.48,98286.38,1860.05,165573.62,3679.41
310,97390.59,99338.41,68.52,99269.88,1879.29,167452.9,3721.18
311,98364.5,100331.79,68.57,100263.22,1898.72,169351.62,3763.37
312,99348.14,101335.11,68.62,101266.49,1918.35,171269.97,3806.0
313,100341.63,102348.46,68.66,102279.8,1938.17,173208.14,3849.07
314,101345.04,103371.94,68.71,103303.23,1958.19,175166.33,3892.59
315,102358.49,104405.66,68.76,104336.91,1978.41,177144.75,3936.55
316,103382.08,105449.72,68.8,105380.92,1998.84,179143.59,3980.97
317,104415.9,106504.22,68.85,106435.37,2019.47,181163.05,4025.85
318,105460.06,107569.26,68.9,107500.36,2040.3,183203.36,4071.19
319,106514.66,108644.95,68.95,108576.0,2061.34,185264.7,4116.99
320,107579.8,109731.4,69.0,109662.4,2082.6,187347.3,4163.27
321,108655.6,110828.71,69.05,110759.67,2104.06,189451.36,4210.03
322,109742.16,111937.0,69.1,111867.9,2125.74,191577.11,4257.27
323,110839.58,113056.37,69.15,112987.22,2147.64,193724.75,4304.99
324,111947.98,114186.94,69.2,114117.73,2169.76,195894.51,4353.21
325,113067.46,115328.8,69.25,115259.55,2192.1,198086.6,4401.92
326,114198.13,116482.09,69.31,116412.79,2214.66,200301.26,4451.14
327,115340.11,117646.91,69.36,117577.56,2237.44,202538.7,4500.86
328,116493.51,118823.38,69.41,118753.97,2260.46,204799.16,4551.09
329,117658.45,120011.62,69.47,119942.15,2283.7,207082.86,4601.84
330,118835.03,121211.73,69.52,121142.21,2307.18,209390.04,4653.11
331,120023.38,122423.85,69.58,122354.27,2330.89,211720.93,4704.91
332,121223.62,123648.09,69.63,123578.46,2354.84,214075.78,4757.24
333,122435.85,124884.57,69.69,124814.88,2379.03,216454.8,4810.11
334,123660.21,126133.42,69.75,126063.67,2403.46,218858.26,4863.52
335,124896.81,127394.75,69.8,127324.95,2428.13,221286.4,4917.48
336,126145.78,128668.7,69.86,128598.84,2453.05,223739.45,4971.99
337,127407.24,129955.38,69.92,129885.46,2478.23,226217.68,5027.06
338,128681.31,131254.94,69.98,131184.96,2503.65,228721.32,5082.7
339,129968.12,132567.49,70.04,132497.45,2529.32,231250.65,5138.9
340,131267.81,133893.16,70.1,133823.06,2555.26,233805.91,5195.69
341,132580.48,135232.09,70.16,135161.93,2581.45,236387.36,5253.05
342,133906.29,136584.41,70.22,136514.19,2607.9,238995.26,5311.01
343,135245.35,137950.26,70.28,137879.98,2634.62,241629.88,5369.55
344,136597.81,139329.76,70.35,139259.41,2661.61,244291.49,5428.7
345,137963.78,140723.06,70.41,140652.65,2688.87,246980.36,5488.45
346,139343.42,142130.29,70.47,142059.82,2716.39,249696.75,5548.82
347,140736.86,143551.59,70.54,143481.05,2744.2,252440.95,5609.8
348,142144.22,144987.11,70.6,144916.5,2772.28,255213.23,5671.41
349,143565.67,146436.98,70.67,146366.31,2800.64,258013.88,5733.64
350,145001.32,147901.35,70.74,147830.61,2829.29,260843.17,5796.51
351,146451.34,149380.36,70.8,149309.56,2858.22,263701.39,5860.03
352,147915.85,150874.17,70.87,150803.29,2887.44,266588.83,5924.2
353,149395.01,152382.91,70.94,152311.97,2916.96,269505.79,5989.02
354,150888.96,153906.74,71.01,153835.73,2946.77,272452.56,6054.5
355,152397.85,155445.8,71.08,155374.72,2976.88,275429.44,6120.65
356,153921.83,157000.26,71.15,156929.11,3007.29,278436.72,6187.48
357,155461.04,158570.27,71.22,158499.04,3038.0,281474.72,6254.99
358,157015.65,160155.97,71.29,160084.67,3069.02,284543.74,6323.19
359,158585.81,161757.53,71.37,161686.16,3100.35,287644.09,6392.09
360,160171.67,163375.1,71.44,163303.66,3131.99,290776.08,6461.69
361,161773.39,165008.85,71.52,164937.34,3163.95,293940.03,6532.0
362,163391.12,166658.94,71.59,166587.35,3196.23,297136.26,6603.03
363,165025.03,168325.53,71.67,168253.86,3228.83,300365.1,6674.78
364,166675.28,170008.79,71.74,169937.04,3261.76,303626.86,6747.26
365,168342.03,171708.87,71.82,171637.05,3295.02,306921.88,6820.49
366,170025.45,173425.96,71.9,173354.06,3328.61,310250.49,6894.46
367,171725.71,175160.22,71.98,175088.24,3362.54,313613.02,6969.18
368,173442.97,176911.83,72.06,176839.77,3396.8,317009.82,7044.66
369,175177.4,178680.94,72.14,178608.8,3431.41,320441.23,7120.92
370,176929.17,180467.75,72.22,180395.53,3466.36,323907.6,7197.95
371,178698.46,182272.43,72.3,182200.13,3501.67,327409.26,7275.76
372,180485.45,184095.15,72.39,184022.77,3537.32,330946.59,7354.37
373,182290.3,185936.11,72.47,185863.64,3573.34,334519.92,7433.78
374,184113.2,187795.47,72.55,187722.91,3609.71,338129.63,7513.99
375,185954.34,189673.42,72.64,189600.78,3646.45,341776.08,7595.02
376,187813.88,191570.16,72.73,191497.43,3683.55,345459.63,7676.88
377,189692.02,193485.86,72.81,193413.04,3721.03,349180.66,7759.57
378,191588.94,195420.72,72.9,195347.82,3758.88,352939.54,7843.1
379,193504.83,197374.92,72.99,197301.93,3797.11,356736.64,7927.48
380,195439.88,199348.67,73.08,199275.59,3835.72,360572.36,8012.72
381,197394.27,201342.16,73.17,201268.99,3874.71,364447.08,8098.82
382,199368.22,203355.58,73.26,203282.32,3914.1,368361.18,8185.8
383,201361.9,205389.14,73.36,205315.78,3953.88,372315.06,8273.67
384,203375.52,207443.03,73.45,207369.58,3994.06,376309.12,8362.42
385,205409.27,209517.46,73.54,209443.92,4034.64,380343.76,8452.08
386,207463.37,211612.63,73.64,211538.99,4075.63,384419.39,8542.65
387,209538.0,213728.76,73.74,213655.02,4117.02,388536.42,8634.14
388,211633.38,215866.05,73.83,215792.21,4158.84,392695.25,8726.56
389,213749.71,218024.71,73.93,217950.78,4201.06,396896.32,8819.92
390,215887.21,220204.95,74.03,220130.92,4243.71,401140.03,8914.22
391,218046.08,222407.0,74.13,222332.87,4286.79,405426.82,9009.48
392,220226.54,224631.07,74.23,224556.84,4330.3,409757.12,9105.71
393,222428.81,226877.39,74.33,226803.05,4374.24,414131.36,9202.92
394,224653.1,229146.16,74.44,229071.72,4418.62,418549.99,9301.11
395,226899.63,231437.62,74.54,231363.08,4463.45,423013.44,9400.3
396,229168.62,233752.0,74.65,233677.35,4508.73,427522.16,9500.49
397,231460.31,236089.52,74.75,236014.76,4554.45,432076.62,9601.7
398,233774.91,238450.41,74.86,238375.55,4600.64,436677.25,9703.94
399,236112.66,240834.92,74.97,240759.95,4647.28,441324.54,9807.21
400,238473.79,243243.27,75.08,243168.19,4694.4,446018.93,9911.53
401,240858.53,245675.7,75.19,245600.51,4741.98,450760.91,10016.91
402,243267.11,248132.45,75.3,248057.15,4790.04,455550.95,10123.35
403,245699.78,250613.78,75.42,250538.36,4838.58,460389.53,10230.88
404,248156.78,253119.92,75.53,253044.39,4887.61,465277.14,10339.49
405,250638.35,255651.12,75.64,255575.47,4937.12,470214.26,10449.21
406,253144.73,258207.63,75.76,258131.87,4987.13,475201.4,10560.03
407,255676.18,260789.7,75.88,260713.83,5037.64,480239.04,10671.98
408,258232.94,263397.6,76.0,263321.6,5088.66,485327.7,10785.06
409,260815.27,266031.58,76.12,265955.46,5140.19,490467.89,10899.29
410,263423.42,268691.89,76.24,268615.65,5192.23,495660.12,11014.67
411,266057.66,271378.81,76.36,271302.45,5244.79,500904.91,11131.22
412,268718.24,274092.6,76.48,274016.12,5297.88,506202.79,11248.95
413,271405.42,276833.53,76.61,276756.92,5351.5,511554.29,11367.87
414,274119.47,279601.86,76.74,279525.13,5405.65,516959.94,11488.0
415,276860.67,282397.88,76.86,282321.02,5460.35,522420.3,11609.34
416,279629.27,285221.86,76.99,285144.87,5515.59,527935.89,11731.91
417,282425.57,288074.08,77.12,287996.96,5571.39,533507.28,11855.72
418,285249.82,290954.82,77.25,290877.57,5627.74,539135.02,11980.78
419,288102.32,293864.37,77.39,293786.98,5684.66,544819.68,12107.1
420,290983.34,296803.01,77.52,296725.49,5742.15,550561.83,12234.71
421,293893.18,299771.04,77.65,299693.39,5800.21,556362.04,12363.6
422,296832.11,302768.75,77.79,302690.96,5858.85,562220.89,12493.8
423,299800.43,305796.44,77.93,305718.51,5918.08,568138.97,12625.31
424,302798.43,308854.4,78.07,308776.33,5977.9,574116.87,12758.15
425,305826.42,311942.95,78.21,311864.74,6038.32,580155.19,12892.34
426,308884.68,315062.38,78.35,314984.02,6099.34,586254.54,13027.88
427,311973.53,318213.0,78.49,318134.5,6160.98,592415.51,13164.79
428,315093.26,321395.13,78.64,321316.49,6223.23,598638.74,13303.08
429,318244.2,324609.08,78.79,324530.29,6286.1,604924.84,13442.77
430,321426.64,327855.17,78.93,327776.24,6349.6,611274.44,13583.88
431,324640.9,331133.72,79.08,331054.64,6413.74,617688.17,13726.4
432,327887.31,334445.06,79.23,334365.83,6478.51,624166.68,13870.37
433,331166.19,337789.51,79.39,337710.12,6543.94,630710.62,14015.79
434,334477.85,341167.41,79.54,341087.87,6610.02,637320.64,14162.68
435,337822.63,344579.08,79.7,344499.38,6676.76,643997.4,14311.05
436,341200.85,348024.87,79.85,347945.02,6744.16,650741.56,14460.92
437,344612.86,351505.12,80.01,351425.11,6812.25,657553.81,14612.31
438,348058.99,355020.17,80.17,354940.0,6881.01,664434.82,14765.22
439,351539.58,358570.37,80.33,358490.04,6950.46,671385.27,14919.67
440,355054.98,362156.08,80.5,362075.58,7020.6,678405.88,15075.69
441,358605.53,365777.64,80.66,365696.98,7091.45,685497.33,15233.27
442,362191.58,369435.41,80.83,369354.59,7163.0,692660.33,15392.45
443,365813.5,373129.77,81.0,373048.77,7235.27,699895.61,15553.24
444,369471.63,376861.07,81.17,376779.9,7308.27,707203.87,15715.64
445,373166.35,380629.68,81.34,380548.34,7381.99,714585.86,15879.69
446,376898.01,384435.97,81.51,384354.46,7456.45,722042.31,16045.38
447,380666.99,388280.33,81.69,388198.65,7531.65,729573.97,16212.75
448,384473.66,392163.14,81.86,392081.27,7607.61,737181.58,16381.81
449,388318.4,396084.77,82.04,396002.73,7684.33,744865.9,16552.58
450,392201.58,400045.61,82.22,399963.39,7761.81,752627.71,16725.06
451,396123.6,404046.07,82.4,403963.67,7840.07,760467.78,16899.28
452,400084.83,408086.53,82.59,408003.94,7919.11,768386.89,17075.26
453,404085.68,412167.4,82.77,412084.62,7998.94,776385.83,17253.02
454,408126.54,416289.07,82.96,416206.11,8079.57,784465.4,17432.56
455,412207.81,420451.96,83.15,420368.81,8161.0,792626.41,17613.92
456,416329.88,424656.48,83.34,424573.14,8243.25,800869.66,17797.1
457,420493.18,428903.05,83.54,428819.51,8326.33,809195.99,17982.13
458,424698.11,433192.08,83.73,433108.34,8410.23,817606.22,18169.03
459,428945.1,437524.0,83.93,437440.07,8494.97,826101.19,18357.8
460,433234.55,441899.24,84.13,441815.11,8580.56,834681.75,18548.48
461,437566.89,446318.23,84.33,446233.9,8667.01,843348.76,18741.08
462,441942.56,450781.41,84.53,450696.88,8754.32,852103.08,18935.62
463,446361.99,455289.23,84.74,455204.49,8842.5,860945.58,19132.12
464,450825.61,459842.12,84.95,459757.17,8931.57,869877.15,19330.6
465,455333.86,464440.54,85.15,464355.38,9021.52,878898.67,19531.08
466,459887.2,469084.94,85.37,468999.58,9112.38,888011.05,19733.58
467,464486.07,473775.79,85.58,473690.21,9204.14,897215.19,19938.12
468,469130.93,478513.55,85.8,478427.76,9296.82,906512.01,20144.71
469,473822.24,483298.69,86.01,483212.67,9390.43,915902.45,20353.39
470,478560.47,488131.67,86.23,488045.44,9484.98,925387.42,20564.16
471,483346.07,493012.99,86.46,492926.53,9580.47,934967.89,20777.06
472,488179.53,497943.12,86.68,497856.44,9676.91,944644.8,20992.11
473,493061.33,502922.55,86.91,502835.64,9774.32,954419.11,21209.31
474,497991.94,507951.78,87.14,507864.64,9872.7,964291.82,21428.71
475,502971.86,513031.3,87.37,512943.93,9972.07,974263.89,21650.31
476,508001.58,518161.61,87.6,518074.01,10072.43,984336.32,21874.14
477,513081.59,523343.22,87.84,523255.39,10173.79,994510.11,22100.22
478,518212.41,528576.66,88.08,528488.58,10276.17,1004786.28,22328.58
479,523394.53,533862.42,88.32,533774.11,10379.57,1015165.86,22559.24
480,528628.48,539201.05,88.56,539112.49,10484.01,1025649.86,22792.22
481,533914.76,544593.06,88.81,544504.25,10589.49,1036239.35,23027.54
482,539253.91,550038.99,89.05,549949.94,10696.02,1046935.38,23265.23
483,544646.45,555539.38,89.3,555450.07,10803.62,1057739.0,23505.31
484,550092.91,561094.77,89.56,561005.22,10912.3,1068651.3,23747.81
485,555593.84,566705.72,89.81,566615.91,11022.06,1079673.37,23992.74
486,561149.78,572372.78,90.07,572282.71,11132.92,1090806.29,24240.14
487,566761.28,578096.51,90.33,578006.17,11244.89,1102051.19,24490.03
488,572428.89,583877.47,90.6,583786.88,11357.98,1113409.17,24742.43
489,578153.18,589716.24,90.86,589625.38,11472.2,1124881.37,24997.36
490,583934.71,595613.41,91.13,595522.28,11587.56,1136468.94,25254.87
491,589774.06,601569.54,91.4,601478.14,11704.08,1148173.02,25514.96
492,595671.8,607585.24,91.67,607493.56,11821.76,1159994.78,25777.66
493,601628.52,613661.09,91.95,613569.14,11940.62,1171935.4,26043.01
494,607644.8,619797.7,92.23,619705.47,12060.66,1183996.06,26311.02
495,613721.25,625995.68,92.51,625903.16,12181.91,1196177.97,26581.73
496,619858.46,632255.63,92.8,632162.84,12304.37,1208482.34,26855.16
497,626057.05,638578.19,93.09,638485.1,12428.05,1220910.4,27131.34
498,632317.62,644963.97,93.38,644870.59,12552.97,1233463.37,27410.3
499,638640.8,651413.61,93.67,651319.94,12679.14,1246142.52,27692.06
500,645027.2,657927.75,93.97,657833.78,12806.58,1258949.09,27976.65
501,651477.48,664507.03,94.27,664412.76,12935.28,1271884.38,28264.1
502,657992.25,671152.1,94.57,671057.53,13065.27,1284949.65,28554.44
503,664572.17,677863.62,94.88,677768.74,13196.57,1298146.22,28847.69
504,671217.89,684642.25,95.18,684547.07,13329.17,1311475.39,29143.9
505,677930.07,691488.68,95.5,691393.18,13463.1,1324938.5,29443.08
506,684709.37,698403.56,95.81,698307.75,13598.38,1338536.87,29745.26
507,691556.47,705387.6,96.13,705291.47,13735.0,1352271.87,30050.49
508,698472.03,712441.47,96.45,712345.02,13872.99,1366144.86,30358.77
509,705456.75,719565.89,96.78,719469.11,14012.36,1380157.22,30670.16
510,712511.32,726761.55,97.1,726664.44,14153.12,1394310.34,30984.67
511,719636.43,734029.16,97.43,733931.73,14295.29,1408605.64,31302.35
512,726832.8,741369.45,97.77,741271.69,14438.89,1423044.53,31623.21
513,734101.13,748783.15,98.11,748685.04,14583.92,1437628.44,31947.3
514,741442.14,756270.98,98.45,756172.53,14730.4,1452358.84,32274.64
515,748856.56,763833.69,98.79,763734.9,14878.34,1467237.18,32605.27
516,756345.12,771472.03,99.14,771372.89,15027.76,1482264.94,32939.22
517,763908.58,779186.75,99.49,779087.26,15178.68,1497443.62,33276.52
518,771547.66,786978.61,99.85,786878.77,15331.11,1512774.73,33617.22
519,779263.14,794848.4,100.2,794748.2,15485.06,1528259.79,33961.33
520,787055.77,802796.89,100.57,802696.32,15640.55,1543900.33,34308.9
521,794926.33,810824.85,100.93,810723.92,15797.59,1559697.93,34659.95
522,802875.59,818933.1,101.3,818831.8,15956.21,1575654.14,35014.54
523,810904.35,827122.43,101.67,827020.76,16116.41,1591770.55,35372.68
524,819013.39,835393.66,102.05,835291.61,16278.22,1608048.77,35734.42
525,827203.52,843747.59,102.43,843645.16,16441.64,1624490.41,36099.79
526,835475.56,852185.07,102.82,852082.25,16606.69,1641097.1,36468.82
527,843830.31,860706.92,103.2,860603.72,16773.4,1657870.5,36841.57
528,852268.62,869313.99,103.6,869210.39,16941.78,1674812.28,37218.05
529,860791.3,878007.13,103.99,877903.14,17111.83,1691924.11,37598.31
530,869399.22,886787.2,104.39,886682.81,17283.59,1709207.7,37982.39
531,878093.21,895655.07,104.8,895550.28,17457.07,1726664.77,38370.33
532,886874.14,904611.62,105.2,904506.42,17632.28,1744297.05,38762.16
533,895742.88,913657.74,105.62,913552.12,17809.24,1762106.29,39157.92
534,904700.31,922794.32,106.03,922688.29,17987.97,1780094.27,39557.65
535,913747.31,932022.26,106.45,931915.81,18168.49,1798262.76,39961.39
536,922884.79,941342.48,106.88,941235.61,18350.82,1816613.58,40369.19
537,932113.64,950755.91,107.31,950648.6,18534.97,1835148.55,40781.08
538,941434.77,960263.47,107.74,960155.73,18720.96,1853869.5,41197.1
539,950849.12,969866.1,108.18,969757.93,18908.81,1872778.31,41617.3
540,960357.61,979564.76,108.62,979456.15,19098.53,1891876.84,42041.71
541,969961.19,989360.41,109.06,989251.35,19290.16,1911167.0,42470.38
542,979660.8,999254.02,109.52,999144.5,19483.7,1930650.7,42903.35
543,989457.41,1009246.56,109.97,1009136.58,19679.18,1950329.88,43340.66
544,999351.98,1019339.02,110.43,1019228.59,19876.61,1970206.49,43782.37
545,1009345.5,1029532.41,110.89,1029421.52,20076.02,1990282.51,44228.5
546,1019438.96,1039827.74,111.36,1039716.37,20277.42,2010559.92,44679.11
547,1029633.35,1050226.01,111.84,1050114.18,20480.83,2031040.75,45134.24
548,1039929.68,1060728.27,112.32,1060615.96,20686.28,2051727.03,45593.93
549,1050328.98,1071335.56,112.8,1071222.76,20893.78,2072620.81,46058.24
550,1060832.27,1082048.91,113.29,1081935.62,21103.36,2093724.17,46527.2
551,1071440.59,1092869.4,113.78,1092755.62,21315.03,2115039.2,47000.87
552,1082154.99,1103798.09,114.28,1103683.82,21528.82,2136568.03,47479.29
553,1092976.54,1114836.07,114.78,1114721.3,21744.75,2158312.78,47962.51
554,1103906.31,1125984.44,115.29,1125869.15,21962.84,2180275.62,48450.57
555,1114945.37,1137244.28,115.8,1137128.48,22183.11,2202458.72,48943.53
556,1126094.83,1148616.72,116.32,1148500.4,22405.58,2224864.3,49441.43
557,1137355.77,1160102.89,116.84,1159986.05,22630.27,2247494.58,49944.32
558,1148729.33,1171703.92,117.37,1171586.55,22857.22,2270351.79,50452.26
559,1160216.63,1183420.96,117.9,1183303.05,23086.43,2293438.22,50965.29
560,1171818.79,1195255.17,118.44,1195136.72,23317.93,2316756.15,51483.47
561,1183536.98,1207207.72,118.99,1207088.73,23551.75,2340307.91,52006.84
562,1195372.35,1219279.8,119.54,1219160.26,23787.91,2364095.82,52535.46
563,1207326.07,1231472.59,120.09,1231352.5,24026.43,2388122.25,53069.38
564,1219399.33,1243787.32,120.65,1243666.67,24267.33,2412389.58,53608.66
565,1231593.33,1256225.19,121.22,1256103.97,24510.65,2436900.23,54153.34
566,1243909.26,1268787.45,121.79,1268665.65,24756.39,2461656.62,54703.48
567,1256348.35,1281475.32,122.37,1281352.95,25004.6,2486661.22,55259.14
568,1268911.84,1294290.07,122.95,1294167.12,25255.28,2511916.5,55820.37
569,1281600.95,1307232.97,123.54,1307109.43,25508.48,2537424.97,56387.22
570,1294416.96,1320305.3,124.14,1320181.17,25764.2,2563189.18,56959.76
571,1307361.13,1333508.36,124.74,1333383.62,26022.48,2589211.66,57538.04
572,1320434.75,1346843.44,125.35,1346718.09,26283.35,2615495.01,58122.11
573,1333639.09,1360311.87,125.96,1360185.91,26546.82,2642041.83,58712.04
574,1346975.48,1373914.99,126.58,1373788.41,26812.93,2668854.76,59307.88
575,1360445.24,1387654.14,127.21,1387526.94,27081.7,2695936.45,59909.7
576,1374049.69,1401530.68,127.84,1401402.85,27353.16,2723289.61,60517.55
577,1387790.19,1415545.99,128.48,1415417.51,27627.33,2750916.94,61131.49
578,1401668.09,1429701.45,129.12,1429572.33,27904.24,2778821.18,61751.58
579,1415684.77,1443998.47,129.77,1443868.69,28183.92,2807005.1,62377.89
580,1429841.62,1458438.45,130.43,1458308.02,28466.4,2835471.5,63010.48
581,1444140.03,1473022.84,131.09,1472891.74,28751.71,2864223.21,63649.4
582,1458581.43,1487753.06,131.77,1487621.3,29039.86,2893263.07,64294.73
583,1473167.25,1502630.59,132.44,1502498.15,29330.9,2922593.97,64946.53
584,1487898.92,1517656.9,133.13,1517523.77,29624.85,2952218.82,65604.86
585,1502777.91,1532833.47,133.82,1532699.65,29921.74,2982140.56,66269.79
586,1517805.69,1548161.8,134.52,1548027.29,30221.6,3012362.16,66941.38
587,1532983.75,1563643.42,135.22,1563508.2,30524.45,3042886.61,67619.7
588,1548313.58,1579279.86,135.93,1579143.92,30830.34,3073716.95,68304.82
589,1563796.72,1595072.65,136.65,1594936.0,31139.28,3104856.23,68996.81
590,1579434.69,1611023.38,137.38,1610886.0,31451.31,3136307.54,69695.72
591,1595229.03,1627133.62,138.11,1626995.5,31766.47,3168074.01,70401.64
592,1611181.32,1643404.95,138.86,1643266.1,32084.77,3200158.78,71114.64
593,1627293.14,1659839.0,139.6,1659699.4,32406.26,3232565.04,71834.78
594,1643566.07,1676437.39,140.36,1676297.03,32730.96,3265296.0,72562.13
595,1660001.73,1693201.76,141.12,1693060.64,33058.91,3298354.91,73296.78
596,1676601.75,1710133.78,141.89,1709991.89,33390.14,3331745.05,74038.78
597,1693367.76,1727235.12,142.67,1727092.45,33724.68,3365469.73,74788.22
598,1710301.44,1744507.47,143.46,1744364.01,34062.57,3399532.3,75545.16
599,1727404.46,1761952.55,144.26,1761808.29,34403.83,3433936.13,76309.69
600,1744678.5,1779572.07,145.06,1779427.01,34748.51,3468684.65,77081.88
601,1762125.29,1797367.79,145.87,1797221.92,35096.64,3503781.28,77861.81
602,1779746.54,1815341.47,146.69,1815194.78,35448.24,3539229.53,78649.55
603,1797544.0,1833494.88,147.51,1833347.37,35803.37,3575032.89,79445.18
604,1815519.44,1851829.83,148.35,1851681.48,36162.04,3611194.93,80248.78
605,1833674.64,1870348.13,149.19,1870198.94,36524.3,3647719.23,81060.43
606,1852011.39,1889051.61,150.04,1888901.57,36890.18,3684609.42,81880.21
607,1870531.5,1907942.13,150.9,1907791.22,37259.73,3721869.14,82708.2
608,1889236.81,1927021.55,151.77,1926869.78,37632.96,3759502.1,83544.49
609,1908129.18,1946291.77,152.65,1946139.11,38009.93,3797512.04,84389.16
610,1927210.47,1965754.68,153.54,1965601.15,38390.67,3835902.71,85242.28
611,1946482.58,1985412.23,154.43,1985257.8,38775.22,3874677.93,86103.95
612,1965947.41,2005266.35,155.34,2005111.02,39163.61,3913841.54,86974.26
613,1985606.88,2025319.02,156.25,2025162.77,39555.89,3953397.42,87853.28
614,2005462.95,2045572.21,157.17,2045415.03,39952.09,3993349.51,88741.1
615,2025517.58,2066027.93,158.11,2065869.82,40352.25,4033701.75,89637.82
616,2045772.75,2086688.21,159.05,2086529.16,40756.41,4074458.16,90543.51
617,2066230.48,2107555.09,160.0,2107395.09,41164.61,4115622.77,91458.28
618,2086892.79,2128630.64,160.96,2128469.68,41576.9,4157199.67,92382.21
619,2107761.71,2149916.95,161.93,2149755.02,41993.31,4199192.98,93315.4
620,2128839.33,2171416.12,162.91,2171253.21,42413.88,4241606.86,94257.93
621,2150127.72,2193130.28,163.89,2192966.38,42838.66,4284445.52,95209.9
622,2171629.0,2215061.58,164.89,2214896.69,43267.69,4327713.21,96171.4
623,2193345.29,2237212.2,165.9,2237046.29,43701.0,4371414.21,97142.54
624,2215278.74,2259584.32,166.92,2259417.4,44138.65,4415552.86,98123.4
625,2237431.53,2282180.16,167.95,2282012.21,44580.68,4460133.54,99114.08
626,2259805.85,2305001.96,168.99,2304832.97,45027.13,4505160.67,100114.68
627,2282403.91,2328051.98,170.04,2327881.94,45478.04,4550638.71,101125.3
628,2305227.94,2351332.5,171.1,2351161.4,45933.46,4596572.16,102146.05
629,2328280.22,2374845.83,172.17,2374673.66,46393.43,4642965.6,103177.01
630,2351563.03,2398594.29,173.25,2398421.03,46858.01,4689823.6,104218.3
631,2375078.66,2422580.23,174.35,2422405.88,47327.23,4737150.83,105270.02
632,2398829.44,2446806.03,175.45,2446630.58,47801.14,4784951.97,106332.27
633,2422817.74,2471274.09,176.56,2471097.53,48279.79,4833231.76,107405.15
634,2447045.91,2495986.83,177.69,2495809.14,48763.23,4881994.99,108488.78
635,2471516.37,2520946.7,178.83,2520767.87,49251.5,4931246.49,109583.26
636,2496231.54,2546156.17,179.97,2545976.19,49744.66,4980991.15,110688.69
637,2521193.85,2571617.73,181.13,2571436.6,50242.74,5031233.89,111805.2
638,2546405.79,2597333.91,182.31,2597151.6,50745.81,5081979.7,112932.88
639,2571869.85,2623307.25,183.49,2623123.76,51253.91,5133233.61,114071.86
640,2597588.55,2649540.32,184.68,2649355.63,51767.09,5185000.69,115222.24
641,2623564.43,2676035.72,185.89,2675849.83,52285.4,5237286.09,116384.14
642,2649800.08,2702796.08,187.11,2702608.97,52808.89,5290094.98,117557.67
643,2676298.08,2729824.04,188.34,2729635.7,53337.62,5343432.6,118742.95
644,2703061.06,2757122.28,189.58,2756932.7,53871.64,5397304.24,119940.09
645,2730091.67,2784693.5,190.84,2784502.66,54410.99,5451715.23,121149.23
646,2757392.59,2812540.44,192.11,2812348.33,54955.74,5506670.98,122370.47
647,2784966.51,2840665.84,193.39,2840472.45,55505.94,5562176.92,123603.93
648,2812816.18,2869072.5,194.68,2868877.82,56061.64,5618238.56,124849.75
649,2840944.34,2897763.23,195.99,2897567.24,56622.9,5674861.45,126108.03
650,2869353.78,2926740.86,197.31,2926543.55,57189.77,5732051.22,127378.92
651,2898047.32,2956008.27,198.64,2955809.62,57762.3,5789813.52,128662.52
652,2927027.79,2985568.35,199.99,2985368.36,58340.57,5848154.09,129958.98
653,2956298.07,3015424.03,201.35,3015222.68,58924.61,5907078.7,131268.42
654,2985861.05,3045578.27,202.72,3045375.55,59514.5,5966593.2,132590.96
655,3015719.66,3076034.06,204.11,3075829.95,60110.28,6026703.48,133926.74
656,3045876.86,3106794.4,205.51,3106588.88,60712.03,6087415.51,135275.9
657,3076335.63,3137862.34,206.93,3137655.41,61319.79,6148735.29,136638.56
658,3107098.98,3169240.96,208.36,3169032.61,61933.62,6210668.92,138014.86
659,3138169.97,3200933.37,209.8,3200723.57,62553.6,6273222.52,139404.94
660,3169551.67,3232942.71,211.26,3232731.45,63179.78,6336402.29,140808.94
661,3201247.19,3265272.13,212.73,3265059.4,63812.21,6400214.51,142226.99
662,3233259.66,3297924.86,214.22,3297710.64,64450.98,6464665.48,143659.23
663,3265592.26,3330904.1,215.72,3330688.38,65096.13,6529761.61,145105.81
664,3298248.18,3364213.15,217.24,3363995.91,65747.73,6595509.34,146566.87
665,3331230.66,3397855.28,218.77,3397636.51,66405.84,6661915.18,148042.56
666,3364542.97,3431833.83,220.32,3431613.51,67070.54,6728985.72,149533.02
667,3398188.4,3466152.17,221.88,3465930.29,67741.89,6796727.61,151038.39
668,3432170.28,3500813.69,223.46,3500590.23,68419.95,6865147.56,152558.83
669,3466491.99,3535821.83,225.05,3535596.77,69104.79,6934252.34,154094.5
670,3501156.91,3571180.04,226.66,3570953.38,69796.47,7004048.82,155645.53
671,3536168.48,3606891.84,228.29,3606663.55,70495.08,7074543.9,157212.09
672,3571530.16,3642960.76,229.93,3642730.83,71200.67,7145744.57,158794.32
673,3607245.46,3679390.37,231.59,3679158.78,71913.32,7217657.88,160392.4
674,3643317.92,3716184.27,233.27,3715951.01,72633.09,7290290.97,162006.47
675,3679751.1,3753346.12,234.96,3753111.16,73360.06,7363651.04,163636.69
676,3716548.61,3790879.58,236.67,3790642.91,74094.3,7437745.34,165283.23
677,3753714.09,3828788.37,238.4,3828549.98,74835.88,7512581.22,166946.25
678,3791251.23,3867076.26,240.14,3866836.12,75584.88,7588166.1,168625.91
679,3829163.75,3905747.02,241.9,3905505.12,76341.37,7664507.48,170322.39
680,3867455.38,3944804.49,243.68,3944560.81,77105.43,7741612.9,172035.84
681,3906129.94,3984252.54,245.48,3984007.06,77877.12,7819490.02,173766.44
682,3945191.24,4024095.06,247.29,4023847.77,78656.53,7898146.55,175514.37
683,3984643.15,4064336.01,249.13,4064086.89,79443.74,7977590.29,177279.78
684,4024489.58,4104979.37,250.98,4104728.39,80238.81,8057829.1,179062.87
685,4064734.48,4146029.17,252.85,4145776.32,81041.84,8138870.95,180863.8
686,4105381.82,4187489.46,254.74,4187234.72,81852.9,8220723.85,182682.75
687,4146435.64,4229364.35,256.64,4229107.71,82672.07,8303395.91,184519.91
688,4187900.0,4271658.0,258.57,4271399.43,83499.43,8386895.34,186375.45
689,4229779.0,4314374.58,260.52,4314114.06,84335.06,8471230.41,188249.56
690,4272076.79,4357518.32,262.48,4357255.84,85179.06,8556409.46,190142.43
691,4314797.55,4401093.5,264.47,4400829.04,86031.49,8642440.95,192054.24
692,4357945.53,4445104.44,266.47,4444837.97,86892.44,8729333.39,193985.19
693,4401524.98,4489555.48,268.49,4489286.99,87762.0,8817095.4,195935.45
694,4445540.23,4534451.04,270.54,4534180.5,88640.26,8905735.66,197905.24
695,4489995.64,4579795.55,272.61,4579522.94,89527.31,8995262.97,199894.73
696,4534895.59,4625593.5,274.69,4625318.81,90423.22,9085686.19,201904.14
697,4580244.55,4671849.44,276.8,4671572.64,91328.09,9177014.28,203933.65
698,4626046.99,4718567.93,278.93,4718289.01,92242.01,9269256.29,205983.47
699,4672307.46,4765753.61,281.08,4765472.54,93165.07,9362421.37,208053.81
700,4719030.54,4813411.15,283.25,4813127.9,94097.36,9456518.73,210144.86
701,4766220.84,4861545.26,285.44,4861259.82,95038.98,9551557.71,212256.84
702,4813883.05,4910160.71,287.65,4909873.06,95990.01,9647547.72,214389.95
703,4862021.88,4959262.32,289.89,4958972.43,96950.55,9744498.27,216544.41
704,4910642.1,5008854.94,292.15,5008562.8,97920.69,9842418.96,218720.42
705,4959748.52,5058943.49,294.43,5058649.06,98900.54,9941319.5,220918.21
706,5009346.01,5109532.93,296.73,5109236.19,99890.19,10041209.69,223137.99
707,5059439.47,5160628.26,299.06,5160329.2,100889.73,10142099.42,225379.99
708,5110033.86,5212234.54,301.41,5211933.13,101899.27,10243998.68,227644.42
709,5161134.2,5264356.89,303.79,5264053.1,102918.9,10346917.58,229931.5
710,5212745.54,5317000.45,306.18,5316694.27,103948.73,10450866.31,232241.47
711,5264873.0,5370170.46,308.61,5369861.85,104988.85,10555855.16,234574.56
712,5317521.73,5423872.16,311.05,5423561.11,106039.38,10661894.54,236930.99
713,5370696.95,5478110.89,313.52,5477797.36,107100.42,10768994.96,239311.0
714,5424403.92,5532891.99,316.02,5532575.98,108172.06,10877167.02,241714.82
715,5478647.95,5588220.91,318.54,5587902.38,109254.42,10986421.44,244142.7
716,5533434.43,5644103.12,321.08,5643782.04,110347.61,11096769.04,246594.87
717,5588768.78,5700544.15,323.65,5700220.5,111451.72,11208220.77,249071.57
718,5644656.47,5757549.6,326.25,5757223.35,112566.88,11320787.64,251573.06
719,5701103.03,5815125.09,328.87,5814796.22,113693.19,11434480.83,254099.57
720,5758114.06,5873276.34,331.52,5872944.82,114830.76,11549311.59,256651.37
721,5815695.2,5932009.11,334.2,5931674.91,115979.71,11665291.3,259228.7
722,5873852.15,5991329.2,336.9,5990992.3,117140.14,11782431.44,261831.81
723,5932590.68,6051242.49,339.63,6050902.86,118312.19,11900743.63,264460.97
724,5991916.58,6111754.91,342.38,6111412.53,119495.95,12020239.57,267116.43
725,6051835.75,6172872.46,345.17,6172527.29,120691.55,12140931.12,269798.47
726,6112354.11,6234601.19,347.98,6234253.21,121899.1,12262830.22,272507.34
727,6173477.65,6296947.2,350.82,6296596.38,123118.73,12385948.96,275243.31
728,6235212.42,6359916.67,353.69,6359562.98,124350.56,12510299.52,278006.66
729,6297564.55,6423515.84,356.58,6423159.25,125594.71,12635894.22,280797.65
730,6360540.19,6487751.0,359.51,6487391.49,126851.29,12762745.52,283616.57
731,6424145.59,6552628.51,362.47,6552266.04,128120.45,12890865.96,286463.69
732,6488387.05,6618154.79,365.45,6617789.34,129402.29,13020268.25,289339.29
733,6553270.92,6684336.34,368.46,6683967.87,130696.95,13150965.21,292243.67
734,6618803.63,6751179.7,371.51,6750808.19,132004.56,13282969.77,295177.11
735,6684991.67,6818691.5,374.58,6818316.92,133325.25,13416295.02,298139.89
736,6751841.58,6886878.42,377.69,6886500.72,134659.14,13550954.16,301132.31
737,6819360.0,6955747.2,380.83,6955366.37,136006.37,13686960.53,304154.68
738,6887553.6,7025304.67,384.0,7024920.68,137367.08,13824327.61,307207.28
739,6956429.14,7095557.72,387.2,7095170.52,138741.39,13963069.0,310290.42
740,7025993.43,7166513.3,390.43,7166122.87,140129.44,14103198.44,313404.41
741,7096253.36,7238178.43,393.69,7237784.74,141531.38,14244729.81,316549.55
742,7167215.89,7310560.21,396.99,7310163.22,142947.33,14387677.14,319726.16
743,7238888.05,7383665.81,400.32,7383265.5,144377.44,14532054.58,322934.55
744,7311276.93,7457502.47,403.68,7457098.79,145821.86,14677876.44,326175.03
745,7384389.7,7532077.5,407.08,7531670.42,147280.72,14825157.15,329447.94
746,7458233.6,7607398.27,410.51,7606987.76,148754.16,14973911.32,332753.58
747,7532815.94,7683472.26,413.97,7683058.28,150242.34,15124153.66,336092.3
748,7608144.1,7760306.98,417.47,7759889.5,151745.41,15275899.07,339464.42
749,7684225.54,7837910.05,421.01,7837489.04,153263.5,15429162.57,342870.28
750,7761067.79,7916289.15,424.58,7915864.57,154796.78,15583959.35,346310.21
751,7838678.47,7995452.04,428.19,7995023.85,156345.38,15740304.73,349784.55
752,7917065.25,8075406.56,431.83,8074974.73,157909.48,15898214.21,353293.65
753,7996235.91,8156160.63,435.51,8155725.12,159489.21,16057703.42,356837.85
754,8076198.27,8237722.23,439.22,8237283.01,161084.75,16218788.17,360417.51
755,8156960.25,8320099.45,442.97,8319656.48,162696.23,16381484.4,364032.99
756,8238529.85,8403300.45,446.76,8402853.69,164323.83,16545808.24,367684.63
757,8320915.15,8487333.45,450.59,8486882.86,165967.71,16711775.95,371372.8
758,8404124.3,8572206.79,454.46,8571752.33,167628.03,16879403.98,375097.87
759,8488165.54,8657928.86,458.36,8657470.5,169304.95,17048708.93,378860.2
760,8573047.2,8744508.14,462.3,8744045.84,170998.64,17219707.57,382660.17
761,8658777.67,8831953.23,466.29,8831486.94,172709.27,17392416.84,386498.15
762,8745365.45,8920272.76,470.31,8919802.45,174437.0,17566853.84,390374.53
763,8832819.1,9009475.49,474.37,9009001.11,176182.01,17743035.85,394289.69
764,8921147.29,9099570.24,478.48,9099091.76,177944.47,17920980.31,398244.01
765,9010358.77,9190565.94,482.62,9190083.32,179724.55,18100704.87,402237.89
766,9100462.35,9282471.6,486.81,9281984.79,181522.44,18282227.31,406271.72
767,9191466.98,9375296.32,491.04,9374805.28,183338.3,18465565.61,410345.9
768,9283381.65,9469049.28,495.31,9468553.98,185172.33,18650737.94,414460.84
769,9376215.46,9563739.77,499.62,9563240.16,187024.69,18837762.63,418616.95
770,9469977.62,9659377.17,503.98,9658873.2,188895.58,19026658.21,422814.63
771,9564677.4,9755970.94,508.37,9755462.57,190785.17,19217443.38,427054.3
772,9660324.17,9853530.65,512.82,9853017.83,192693.66,19410137.04,431336.38
773,9756927.41,9952065.96,517.31,9951548.65,194621.24,19604758.29,435661.3
774,9854496.69,10051586.62,521.84,10051064.78,196568.09,19801326.38,440029.48
775,9953041.65,10152102.49,526.42,10151576.07,198534.41,19999860.79,444441.35
